Family;Subfamily;Tribe;Subtribe;Genus
Ichneumonidae;Acaenitinae;;;Acaenitus
Ichneumonidae;Acaenitinae;;;Arotes
Ichneumonidae;Acaenitinae;;;Coleocentrus
Ichneumonidae;Acaenitinae;;;Hallocinetus
Ichneumonidae;Acaenitinae;;;Leptacoenites
Ichneumonidae;Acaenitinae;;;Mesoclistus
Ichneumonidae;Acaenitinae;;;Phaenolobus
Ichneumonidae;Acaenitinae;;;Procinetus
Ichneumonidae;Adelognathinae;;;Adelognathus
Ichneumonidae;Agriotypinae;;;Agriotypus
Ichneumonidae;Alomyinae;Alomyini;;Alomya
Ichneumonidae;Anomaloninae;Anomalonini;;Anomalon
Ichneumonidae;Anomaloninae;Gravenhorstiini;;Agrypon
Ichneumonidae;Anomaloninae;Gravenhorstiini;;Aphanistes
Ichneumonidae;Anomaloninae;Gravenhorstiini;;Atrometoides
Ichneumonidae;Anomaloninae;Gravenhorstiini;;Atrometus
Ichneumonidae;Anomaloninae;Gravenhorstiini;;Barylypa
Ichneumonidae;Anomaloninae;Gravenhorstiini;;Erigorgus
Ichneumonidae;Anomaloninae;Gravenhorstiini;;Gravenhorstia
Ichneumonidae;Anomaloninae;Gravenhorstiini;;Habrocampulum
Ichneumonidae;Anomaloninae;Gravenhorstiini;;Habronyx
Ichneumonidae;Anomaloninae;Gravenhorstiini;;Heteropelma
Ichneumonidae;Anomaloninae;Gravenhorstiini;;Kokujewiella
Ichneumonidae;Anomaloninae;Gravenhorstiini;;Parania
Ichneumonidae;Anomaloninae;Gravenhorstiini;;Perisphincter
Ichneumonidae;Anomaloninae;Gravenhorstiini;;Ribasia
Ichneumonidae;Anomaloninae;Gravenhorstiini;;Therion
Ichneumonidae;Anomaloninae;Gravenhorstiini;;Trichomma
Ichneumonidae;Banchinae;Atrophini;;Alloplasta
Ichneumonidae;Banchinae;Atrophini;;Arenetra
Ichneumonidae;Banchinae;Atrophini;;Banchopsis
Ichneumonidae;Banchinae;Atrophini;;Cryptopimpla
Ichneumonidae;Banchinae;Atrophini;;Helotorus
Ichneumonidae;Banchinae;Atrophini;;Himertosoma
Ichneumonidae;Banchinae;Atrophini;;Lissonota
Ichneumonidae;Banchinae;Atrophini;;Lissonotidea
Ichneumonidae;Banchinae;Atrophini;;Odinophora
Ichneumonidae;Banchinae;Atrophini;;Syzeuctus
Ichneumonidae;Banchinae;Atrophini;;Tossinolodes
Ichneumonidae;Banchinae;Banchini;;Banchus
Ichneumonidae;Banchinae;Banchini;;Exetastes
Ichneumonidae;Banchinae;Banchini;;Rynchobanchus
Ichneumonidae;Banchinae;Glyptini;;Apophua
Ichneumonidae;Banchinae;Glyptini;;Cephaloglypta
Ichneumonidae;Banchinae;Glyptini;;Glypta
Ichneumonidae;Banchinae;Glyptini;;Teleutaea
Ichneumonidae;Brachycyrtinae;;;Brachycyrtus
Ichneumonidae;Campopleginae;;;Alcima
Ichneumonidae;Campopleginae;;;Bathyplectes
Ichneumonidae;Campopleginae;;;Benjaminia
Ichneumonidae;Campopleginae;;;Callidora
Ichneumonidae;Campopleginae;;;Campoletis
Ichneumonidae;Campopleginae;;;Campoplex
Ichneumonidae;Campopleginae;;;Casinaria
Ichneumonidae;Campopleginae;;;Charops
Ichneumonidae;Campopleginae;;;Chromoplex
Ichneumonidae;Campopleginae;;;Clypeoplex
Ichneumonidae;Campopleginae;;;Cymodusa
Ichneumonidae;Campopleginae;;;Diadegma
Ichneumonidae;Campopleginae;;;Dolophron
Ichneumonidae;Campopleginae;;;Dusona
Ichneumonidae;Campopleginae;;;Echthronomas
Ichneumonidae;Campopleginae;;;Enytus
Ichneumonidae;Campopleginae;;;Eriborus
Ichneumonidae;Campopleginae;;;Gonotypus
Ichneumonidae;Campopleginae;;;Hellwigia
Ichneumonidae;Campopleginae;;;Hyposoter
Ichneumonidae;Campopleginae;;;Lathroplex
Ichneumonidae;Campopleginae;;;Lathrostizus
Ichneumonidae;Campopleginae;;;Lemophagus
Ichneumonidae;Campopleginae;;;Leptocampoplex
Ichneumonidae;Campopleginae;;;Leptoperilissus
Ichneumonidae;Campopleginae;;;Macrulus
Ichneumonidae;Campopleginae;;;Macrus
Ichneumonidae;Campopleginae;;;Melanoplex
Ichneumonidae;Campopleginae;;;Meloboris
Ichneumonidae;Campopleginae;;;Nemeritis
Ichneumonidae;Campopleginae;;;Nepiesta
Ichneumonidae;Campopleginae;;;Olesicampe
Ichneumonidae;Campopleginae;;;Phobocampe
Ichneumonidae;Campopleginae;;;Porizon
Ichneumonidae;Campopleginae;;;Pyracmon
Ichneumonidae;Campopleginae;;;Rhimphoctona
Ichneumonidae;Campopleginae;;;Scirtetes
Ichneumonidae;Campopleginae;;;Sesioplex
Ichneumonidae;Campopleginae;;;Sinophorus
Ichneumonidae;Campopleginae;;;Synetaeris
Ichneumonidae;Campopleginae;;;Tranosema
Ichneumonidae;Campopleginae;;;Tranosemella
Ichneumonidae;Campopleginae;;;Venturia
Ichneumonidae;Phygadeuontinae;Phygadeuontini;;Cephalobaris
Ichneumonidae;Collyriinae;;;Collyria
Ichneumonidae;Cremastinae;;;Cremastus
Ichneumonidae;Cremastinae;;;Dimophora
Ichneumonidae;Cremastinae;;;Eucremastoides
Ichneumonidae;Cremastinae;;;Eucremastus
Ichneumonidae;Cremastinae;;;Nothocremastus
Ichneumonidae;Cremastinae;;;Pristomerus
Ichneumonidae;Cremastinae;;;Pseudocremastus
Ichneumonidae;Cremastinae;;;Pycnoflatsor
Ichneumonidae;Cremastinae;;;Temelucha
Ichneumonidae;Cremastinae;;;Trathala
Ichneumonidae;Cryptinae;Cryptini;;Acroricnus
Ichneumonidae;Cryptinae;Cryptini;;Agrothereutes
Ichneumonidae;Cryptinae;Cryptini;;Allophatnus
Ichneumonidae;Cryptinae;Cryptini;;Apsilops
Ichneumonidae;Cryptinae;Cryptini;;Aritranis
Ichneumonidae;Cryptinae;Cryptini;;Ateleute
Ichneumonidae;Cryptinae;Cryptini;;Buathra
Ichneumonidae;Cryptinae;Cryptini;;Caenocryptus
Ichneumonidae;Cryptinae;Cryptini;;Cryptus
Ichneumonidae;Cryptinae;Cryptini;;Enclisis
Ichneumonidae;Cryptinae;Cryptini;;Gambrus
Ichneumonidae;Cryptinae;Cryptini;;Hidryta
Ichneumonidae;Cryptinae;Cryptini;;Hoplocryptus
Ichneumonidae;Cryptinae;Cryptini;;Idiolispa
Ichneumonidae;Cryptinae;Cryptini;;Ischnus
Ichneumonidae;Cryptinae;Cryptini;;Latibulus
Ichneumonidae;Cryptinae;Cryptini;;Listrognathus
Ichneumonidae;Cryptinae;Cryptini;;Meringopus
Ichneumonidae;Cryptinae;Cryptini;;Mesostenus
Ichneumonidae;Cryptinae;Cryptini;;Myrmeleonostenus
Ichneumonidae;Cryptinae;Cryptini;;Nematopodius
Ichneumonidae;Cryptinae;Cryptini;;Nippocryptus
Ichneumonidae;Cryptinae;Cryptini;;Picardiella
Ichneumonidae;Cryptinae;Cryptini;;Pterocryptus
Ichneumonidae;Cryptinae;Cryptini;;Pycnocryptodes
Ichneumonidae;Cryptinae;Cryptini;;Schreineria
Ichneumonidae;Cryptinae;Cryptini;;Sphecophaga
Ichneumonidae;Cryptinae;Cryptini;;Stenarella
Ichneumonidae;Cryptinae;Cryptini;;Synechocryptus
Ichneumonidae;Cryptinae;Cryptini;;Thrybius
Ichneumonidae;Cryptinae;Cryptini;;Trychosis
Ichneumonidae;Cryptinae;Cryptini;;Xylophrurus
Ichneumonidae;Cryptinae;Hemigasterini;;Aconias
Ichneumonidae;Cryptinae;Hemigasterini;;Aptesis
Ichneumonidae;Cryptinae;Hemigasterini;;Colocnema
Ichneumonidae;Cryptinae;Hemigasterini;;Cratocryptus
Ichneumonidae;Cryptinae;Hemigasterini;;Cubocephalus
Ichneumonidae;Cryptinae;Hemigasterini;;Demopheles
Ichneumonidae;Cryptinae;Hemigasterini;;Echthrus
Ichneumonidae;Cryptinae;Hemigasterini;;Giraudia
Ichneumonidae;Cryptinae;Hemigasterini;;Javra
Ichneumonidae;Cryptinae;Hemigasterini;;Listrocryptus
Ichneumonidae;Cryptinae;Hemigasterini;;Megaplectes
Ichneumonidae;Cryptinae;Hemigasterini;;Oresbius
Ichneumonidae;Cryptinae;Hemigasterini;;Parmortha
Ichneumonidae;Cryptinae;Hemigasterini;;Plectocryptus
Ichneumonidae;Cryptinae;Hemigasterini;;Pleolophus
Ichneumonidae;Cryptinae;Hemigasterini;;Polytribax
Ichneumonidae;Cryptinae;Hemigasterini;;Rhytura
Ichneumonidae;Cryptinae;Hemigasterini;;Schenkia
Ichneumonidae;Cryptinae;Phygadeuontini;;Aclastus
Ichneumonidae;Cryptinae;Phygadeuontini;;Acrolyta
Ichneumonidae;Cryptinae;Phygadeuontini;;Agasthenes
Ichneumonidae;Cryptinae;Phygadeuontini;;Amphibulus
Ichneumonidae;Cryptinae;Phygadeuontini;;Arotrephes
Ichneumonidae;Cryptinae;Phygadeuontini;;Atractodes
Ichneumonidae;Cryptinae;Phygadeuontini;;Bathythrix
Ichneumonidae;Cryptinae;Phygadeuontini;;Blapsidotes
Ichneumonidae;Cryptinae;Phygadeuontini;;Boleslawia
Ichneumonidae;Cryptinae;Phygadeuontini;;Brachypimpla
Ichneumonidae;Cryptinae;Phygadeuontini;;Ceratophygadeuon
Ichneumonidae;Cryptinae;Phygadeuontini;;Charitopes
Ichneumonidae;Cryptinae;Phygadeuontini;;Chirotica
Ichneumonidae;Cryptinae;Phygadeuontini;;Clypeoteles
Ichneumonidae;Cryptinae;Phygadeuontini;;Cremnodes
Ichneumonidae;Cryptinae;Phygadeuontini;;Diaglyptellana
Ichneumonidae;Cryptinae;Phygadeuontini;;Diaglyptellodes
Ichneumonidae;Cryptinae;Phygadeuontini;;Diaglyptidea
Ichneumonidae;Cryptinae;Phygadeuontini;;Dichrogaster
Ichneumonidae;Cryptinae;Phygadeuontini;;Encrateola
Ichneumonidae;Cryptinae;Phygadeuontini;;Endasys
Ichneumonidae;Cryptinae;Phygadeuontini;;Ethelurgus
Ichneumonidae;Cryptinae;Phygadeuontini;;Eudelus
Ichneumonidae;Cryptinae;Phygadeuontini;;Fianoniella
Ichneumonidae;Cryptinae;Phygadeuontini;;Gelis
Ichneumonidae;Cryptinae;Phygadeuontini;;Glyphicnemis
Ichneumonidae;Cryptinae;Phygadeuontini;;Gnotus
Ichneumonidae;Cryptinae;Phygadeuontini;;Gnypetomorpha
Ichneumonidae;Cryptinae;Phygadeuontini;;Grasseiteles
Ichneumonidae;Cryptinae;Phygadeuontini;;Handaoia
Ichneumonidae;Cryptinae;Phygadeuontini;;Hedylus
Ichneumonidae;Cryptinae;Phygadeuontini;;Helcostizus
Ichneumonidae;Cryptinae;Phygadeuontini;;Hemiteles
Ichneumonidae;Cryptinae;Phygadeuontini;;Isadelphus
Ichneumonidae;Cryptinae;Phygadeuontini;;Leptocryptoides
Ichneumonidae;Cryptinae;Phygadeuontini;;Lochetica
Ichneumonidae;Cryptinae;Phygadeuontini;;Lysibia
Ichneumonidae;Cryptinae;Phygadeuontini;;Mastrulus
Ichneumonidae;Cryptinae;Phygadeuontini;;Mastrus
Ichneumonidae;Cryptinae;Phygadeuontini;;Medophron
Ichneumonidae;Cryptinae;Phygadeuontini;;Megacara
Ichneumonidae;Cryptinae;Phygadeuontini;;Mesoleptus
Ichneumonidae;Cryptinae;Phygadeuontini;;Micromonodon
Ichneumonidae;Cryptinae;Phygadeuontini;;Neopimpla
Ichneumonidae;Cryptinae;Phygadeuontini;;Obisiphaga
Ichneumonidae;Cryptinae;Phygadeuontini;;Odontoneura
Ichneumonidae;Cryptinae;Phygadeuontini;;Oecotelma
Ichneumonidae;Cryptinae;Phygadeuontini;;Orthizema
Ichneumonidae;Cryptinae;Phygadeuontini;;Phygadeuon
Ichneumonidae;Cryptinae;Phygadeuontini;;Platyrhabdus
Ichneumonidae;Cryptinae;Phygadeuontini;;Pleurogyrus
Ichneumonidae;Cryptinae;Phygadeuontini;;Polyaulon
Ichneumonidae;Cryptinae;Phygadeuontini;;Pygocryptus
Ichneumonidae;Cryptinae;Phygadeuontini;;Rhembobius
Ichneumonidae;Cryptinae;Phygadeuontini;;Stibeutes
Ichneumonidae;Cryptinae;Phygadeuontini;;Stilpnus
Ichneumonidae;Cryptinae;Phygadeuontini;;Sulcarius
Ichneumonidae;Cryptinae;Phygadeuontini;;Thaumatogelis
Ichneumonidae;Cryptinae;Phygadeuontini;;Theroscopus
Ichneumonidae;Cryptinae;Phygadeuontini;;Townostilpnus
Ichneumonidae;Cryptinae;Phygadeuontini;;Tricholinum
Ichneumonidae;Cryptinae;Phygadeuontini;;Tropistes
Ichneumonidae;Cryptinae;Phygadeuontini;;Uchidella
Ichneumonidae;Cryptinae;Phygadeuontini;;Xenolytus
Ichneumonidae;Cryptinae;Phygadeuontini;;Xiphulcus
Ichneumonidae;Cryptinae;Phygadeuontini;;Zoophthorus
Ichneumonidae;Ctenopelmatinae;Ctenopelmatini;;Ctenopelma
Ichneumonidae;Ctenopelmatinae;Ctenopelmatini;;Homaspis
Ichneumonidae;Ctenopelmatinae;Ctenopelmatini;;Notopygus
Ichneumonidae;Ctenopelmatinae;Ctenopelmatini;;Rhorodes
Ichneumonidae;Ctenopelmatinae;Ctenopelmatini;;Xenoschesis
Ichneumonidae;Ctenopelmatinae;Euryproctini;;Anisotacrus
Ichneumonidae;Ctenopelmatinae;Euryproctini;;Euryproctus
Ichneumonidae;Ctenopelmatinae;Euryproctini;;Gunomeria
Ichneumonidae;Ctenopelmatinae;Euryproctini;;Hadrodactylus
Ichneumonidae;Ctenopelmatinae;Euryproctini;;Hypamblys
Ichneumonidae;Ctenopelmatinae;Euryproctini;;Hypsantyx
Ichneumonidae;Ctenopelmatinae;Euryproctini;;Mesoleptidea
Ichneumonidae;Ctenopelmatinae;Euryproctini;;Occapes
Ichneumonidae;Ctenopelmatinae;Euryproctini;;Pantorhaestes
Ichneumonidae;Ctenopelmatinae;Euryproctini;;Phobetes
Ichneumonidae;Ctenopelmatinae;Euryproctini;;Syndipnus
Ichneumonidae;Ctenopelmatinae;Euryproctini;;Synodites
Ichneumonidae;Ctenopelmatinae;Euryproctini;;Synomelix
Ichneumonidae;Ctenopelmatinae;Euryproctini;;Zemiophora
Ichneumonidae;Ctenopelmatinae;Mesoleiini;;Alcochera
Ichneumonidae;Ctenopelmatinae;Mesoleiini;;Alexeter
Ichneumonidae;Ctenopelmatinae;Mesoleiini;;Anoncus
Ichneumonidae;Ctenopelmatinae;Mesoleiini;;Arbelus
Ichneumonidae;Ctenopelmatinae;Mesoleiini;;Azelus
Ichneumonidae;Ctenopelmatinae;Mesoleiini;;Barytarbes
Ichneumonidae;Ctenopelmatinae;Mesoleiini;;Campodorus
Ichneumonidae;Ctenopelmatinae;Mesoleiini;;Dentimachus
Ichneumonidae;Ctenopelmatinae;Mesoleiini;;Himerta
Ichneumonidae;Ctenopelmatinae;Mesoleiini;;Hyperbatus
Ichneumonidae;Ctenopelmatinae;Mesoleiini;;Iskarus
Ichneumonidae;Ctenopelmatinae;Mesoleiini;;Lagarotis
Ichneumonidae;Ctenopelmatinae;Mesoleiini;;Lamachus
Ichneumonidae;Ctenopelmatinae;Mesoleiini;;Mesoleius
Ichneumonidae;Ctenopelmatinae;Mesoleiini;;Neostroblia
Ichneumonidae;Ctenopelmatinae;Mesoleiini;;Otlophorus
Ichneumonidae;Ctenopelmatinae;Mesoleiini;;Perispuda
Ichneumonidae;Ctenopelmatinae;Mesoleiini;;Protarchus
Ichneumonidae;Ctenopelmatinae;Mesoleiini;;Rhinotorus
Ichneumonidae;Ctenopelmatinae;Mesoleiini;;Saotis
Ichneumonidae;Ctenopelmatinae;Mesoleiini;;Scopesis
Ichneumonidae;Ctenopelmatinae;Mesoleiini;;Seleucus
Ichneumonidae;Ctenopelmatinae;Mesoleiini;;Semimesoleius
Ichneumonidae;Ctenopelmatinae;Mesoleiini;;Smicrolius
Ichneumonidae;Ctenopelmatinae;Oletthrodotini;;Olethrodotis
Ichneumonidae;Ctenopelmatinae;Perilissini;;Absyrtus
Ichneumonidae;Ctenopelmatinae;Perilissini;;Bremiella
Ichneumonidae;Ctenopelmatinae;Perilissini;;Coelorhachis
Ichneumonidae;Ctenopelmatinae;Perilissini;;Lathiponus
Ichneumonidae;Ctenopelmatinae;Perilissini;;Lathrolestes
Ichneumonidae;Ctenopelmatinae;Perilissini;;Lophyroplectus
Ichneumonidae;Ctenopelmatinae;Perilissini;;Oetophorus
Ichneumonidae;Ctenopelmatinae;Perilissini;;Opheltes
Ichneumonidae;Ctenopelmatinae;Perilissini;;Perilimicron
Ichneumonidae;Ctenopelmatinae;Perilissini;;Perilissus
Ichneumonidae;Ctenopelmatinae;Perilissini;;Priopoda
Ichneumonidae;Ctenopelmatinae;Perilissini;;Synoecetes
Ichneumonidae;Ctenopelmatinae;Perilissini;;Trematopygodes
Ichneumonidae;Ctenopelmatinae;Perilissini;;Zaplethocornia
Ichneumonidae;Ctenopelmatinae;Pionini;;Asthenara
Ichneumonidae;Ctenopelmatinae;Pionini;;Glyptorhaestus
Ichneumonidae;Ctenopelmatinae;Pionini;;Hodostates
Ichneumonidae;Ctenopelmatinae;Pionini;;Ischyrocnemis
Ichneumonidae;Ctenopelmatinae;Pionini;;Labrossyta
Ichneumonidae;Ctenopelmatinae;Pionini;;Lethades
Ichneumonidae;Ctenopelmatinae;Pionini;;Phaestus
Ichneumonidae;Ctenopelmatinae;Pionini;;Pion
Ichneumonidae;Ctenopelmatinae;Pionini;;Rhaestus
Ichneumonidae;Ctenopelmatinae;Pionini;;Rhorus
Ichneumonidae;Ctenopelmatinae;Pionini;;Sympherta
Ichneumonidae;Ctenopelmatinae;Pionini;;Syntactus
Ichneumonidae;Ctenopelmatinae;Pionini;;Trematopygus
Ichneumonidae;Ctenopelmatinae;Scolobatini;;Scolobates
Ichneumonidae;Cylloceriinae;;;Allomacrus
Ichneumonidae;Cylloceriinae;;;Cylloceria
Ichneumonidae;Diacritinae;;;Diacritus
Ichneumonidae;Diplazontinae;;;Bioblapsis
Ichneumonidae;Diplazontinae;;;Campocraspedon
Ichneumonidae;Diplazontinae;;;Daschia
Ichneumonidae;Diplazontinae;;;Diplazon
Ichneumonidae;Diplazontinae;;;Enizemum
Ichneumonidae;Diplazontinae;;;Episemura
Ichneumonidae;Diplazontinae;;;Phthorima
Ichneumonidae;Diplazontinae;;;Promethes
Ichneumonidae;Diplazontinae;;;Sussaba
Ichneumonidae;Diplazontinae;;;Syrphoctonus
Ichneumonidae;Diplazontinae;;;Syrphophilus
Ichneumonidae;Diplazontinae;;;Tymmophorus
Ichneumonidae;Diplazontinae;;;Woldstedtius
Ichneumonidae;Diplazontinae;;;Xestopelta
Ichneumonidae;Eucerotinae;;;Euceros
Ichneumonidae;Hybrizontinae;;;Eurypterna
Ichneumonidae;Hybrizontinae;;;Ghilaromma
Ichneumonidae;Hybrizontinae;;;Hybrizon
Ichneumonidae;Ichneumoninae;Clypeodromini;;Clypeodromus
Ichneumonidae;Ichneumoninae;Ctenocalini;;Magwengiella
Ichneumonidae;Ichneumoninae;Eurylabini;;Eurylabus
Ichneumonidae;Ichneumoninae;Goedartiini;;Goedartia
Ichneumonidae;Ichneumoninae;Heresiarchini;;Aglaojoppa
Ichneumonidae;Ichneumoninae;Heresiarchini;;Amblyjoppa
Ichneumonidae;Ichneumoninae;Heresiarchini;;Callajoppa
Ichneumonidae;Ichneumoninae;Heresiarchini;;Catadelphus
Ichneumonidae;Ichneumoninae;Heresiarchini;;Coelichneumon
Ichneumonidae;Ichneumoninae;Heresiarchini;;Coelichneumonops
Ichneumonidae;Ichneumoninae;Heresiarchini;;Heresiarches
Ichneumonidae;Ichneumoninae;Heresiarchini;;Lymantrichneumon
Ichneumonidae;Ichneumoninae;Heresiarchini;;Protichneumon
Ichneumonidae;Ichneumoninae;Heresiarchini;;Psilomastax
Ichneumonidae;Ichneumoninae;Heresiarchini;;Syspasis
Ichneumonidae;Ichneumoninae;Heresiarchini;;Trogus
Ichneumonidae;Ichneumoninae;Ichneumonini;;Achaius
Ichneumonidae;Ichneumoninae;Ichneumonini;;Acolobus
Ichneumonidae;Ichneumoninae;Ichneumonini;;Amblyteles
Ichneumonidae;Ichneumoninae;Ichneumonini;;Anisopygus
Ichneumonidae;Ichneumoninae;Ichneumonini;;Aoplus
Ichneumonidae;Ichneumoninae;Ichneumonini;;Auritus
Ichneumonidae;Ichneumoninae;Ichneumonini;;Baranisobas
Ichneumonidae;Ichneumoninae;Ichneumonini;;Barichneumon
Ichneumonidae;Ichneumoninae;Ichneumonini;;Bureschias
Ichneumonidae;Ichneumoninae;Ichneumonini;;Chasmias
Ichneumonidae;Ichneumoninae;Ichneumonini;;Cratichneumon
Ichneumonidae;Ichneumoninae;Ichneumonini;;Crypteffigies
Ichneumonidae;Ichneumoninae;Ichneumonini;;Crytea
Ichneumonidae;Ichneumoninae;Ichneumonini;;Ctenichneumon
Ichneumonidae;Ichneumoninae;Ichneumonini;;Ctenochares
Ichneumonidae;Ichneumoninae;Ichneumonini;;Deuterolabops
Ichneumonidae;Ichneumoninae;Ichneumonini;;Diphyus
Ichneumonidae;Ichneumoninae;Ichneumonini;;Eristicus
Ichneumonidae;Ichneumoninae;Ichneumonini;;Eupalamus
Ichneumonidae;Ichneumoninae;Ichneumonini;;Eutanyacra
Ichneumonidae;Ichneumoninae;Ichneumonini;;Exephanes
Ichneumonidae;Ichneumoninae;Ichneumonini;;Fileanta
Ichneumonidae;Ichneumoninae;Ichneumonini;;Gareila
Ichneumonidae;Ichneumoninae;Ichneumonini;;Hepiopelmus
Ichneumonidae;Ichneumoninae;Ichneumonini;;Homotherus
Ichneumonidae;Ichneumoninae;Ichneumonini;;Hoplismenus
Ichneumonidae;Ichneumoninae;Ichneumonini;;Hybophorellus
Ichneumonidae;Ichneumoninae;Ichneumonini;;Ichneumon
Ichneumonidae;Ichneumoninae;Ichneumonini;;Limerodes
Ichneumonidae;Ichneumoninae;Ichneumonini;;Limerodops
Ichneumonidae;Ichneumoninae;Ichneumonini;;Melanichneumon
Ichneumonidae;Ichneumoninae;Ichneumonini;;Neischnus
Ichneumonidae;Ichneumoninae;Ichneumonini;;Obtusodonta
Ichneumonidae;Ichneumoninae;Ichneumonini;;Orgichneumon
Ichneumonidae;Ichneumoninae;Ichneumonini;;Paracoelichneumon
Ichneumonidae;Ichneumoninae;Ichneumonini;;Patrocloides
Ichneumonidae;Ichneumoninae;Ichneumonini;;Platylabops
Ichneumonidae;Ichneumoninae;Ichneumonini;;Probolus
Ichneumonidae;Ichneumoninae;Ichneumonini;;Pseudoamblyteles
Ichneumonidae;Ichneumoninae;Ichneumonini;;Rhadinodonta
Ichneumonidae;Ichneumoninae;Ichneumonini;;Rhysaspis
Ichneumonidae;Ichneumoninae;Ichneumonini;;Rictichneumon
Ichneumonidae;Ichneumoninae;Ichneumonini;;Rubicundiella
Ichneumonidae;Ichneumoninae;Ichneumonini;;Spilichneumon
Ichneumonidae;Ichneumoninae;Ichneumonini;;Spilothyrateles
Ichneumonidae;Ichneumoninae;Ichneumonini;;Stenaoplus
Ichneumonidae;Ichneumoninae;Ichneumonini;;Stenichneumon
Ichneumonidae;Ichneumoninae;Ichneumonini;;Stenobarichneumon
Ichneumonidae;Ichneumoninae;Ichneumonini;;Sycaonia
Ichneumonidae;Ichneumoninae;Ichneumonini;;Thyrateles
Ichneumonidae;Ichneumoninae;Ichneumonini;;Tricholabus
Ichneumonidae;Ichneumoninae;Ichneumonini;;Triptognathops
Ichneumonidae;Ichneumoninae;Ichneumonini;;Triptognathus
Ichneumonidae;Ichneumoninae;Ichneumonini;;Ulesta
Ichneumonidae;Ichneumoninae;Ichneumonini;;Virgichneumon
Ichneumonidae;Ichneumoninae;Ichneumonini;;Vulgichneumon
Ichneumonidae;Ichneumoninae;Ichneumonini;;Zanthojoppa
Ichneumonidae;Ichneumoninae;Joppocryptini;;Pseudoplatylabus
Ichneumonidae;Ichneumoninae;Listrodromini;;Anisobas
Ichneumonidae;Ichneumoninae;Listrodromini;;Listrodromus
Ichneumonidae;Ichneumoninae;Listrodromini;;Neotypus
Ichneumonidae;Ichneumoninae;Listrodromini;;Pithotomus
Ichneumonidae;Ichneumoninae;Oedicephalini;;Notosemus
Ichneumonidae;Ichneumoninae;Phaeogenini;;Aethecerus
Ichneumonidae;Ichneumoninae;Phaeogenini;;Auberteterus
Ichneumonidae;Ichneumoninae;Phaeogenini;;Baeosemus
Ichneumonidae;Ichneumoninae;Phaeogenini;;Centeterus
Ichneumonidae;Ichneumoninae;Phaeogenini;;Colpognathus
Ichneumonidae;Ichneumoninae;Phaeogenini;;Diadromus
Ichneumonidae;Ichneumoninae;Phaeogenini;;Diaschisaspis
Ichneumonidae;Ichneumoninae;Phaeogenini;;Dicaelotus
Ichneumonidae;Ichneumoninae;Phaeogenini;;Dilleritomus
Ichneumonidae;Ichneumoninae;Phaeogenini;;Dirophanes
Ichneumonidae;Ichneumoninae;Phaeogenini;;Eparces
Ichneumonidae;Ichneumoninae;Phaeogenini;;Epitomus
Ichneumonidae;Ichneumoninae;Phaeogenini;;Eriplatys
Ichneumonidae;Ichneumoninae;Phaeogenini;;Hemichneumon
Ichneumonidae;Ichneumoninae;Phaeogenini;;Herpestomus
Ichneumonidae;Ichneumoninae;Phaeogenini;;Heterischnus
Ichneumonidae;Ichneumoninae;Phaeogenini;;Jethsura
Ichneumonidae;Ichneumoninae;Phaeogenini;;Mevesia
Ichneumonidae;Ichneumoninae;Phaeogenini;;Misetus
Ichneumonidae;Ichneumoninae;Phaeogenini;;Nematomicrus
Ichneumonidae;Ichneumoninae;Phaeogenini;;Oiorhinus
Ichneumonidae;Ichneumoninae;Phaeogenini;;Oronotus
Ichneumonidae;Ichneumoninae;Phaeogenini;;Orotylus
Ichneumonidae;Ichneumoninae;Phaeogenini;;Paraethecerus
Ichneumonidae;Ichneumoninae;Phaeogenini;;Phaeogenes
Ichneumonidae;Ichneumoninae;Phaeogenini;;Raninia
Ichneumonidae;Ichneumoninae;Phaeogenini;;Stenodontus
Ichneumonidae;Ichneumoninae;Phaeogenini;;Trachyarus
Ichneumonidae;Ichneumoninae;Phaeogenini;;Tycherus
Ichneumonidae;Ichneumoninae;Platylabini;;Apaeleticus
Ichneumonidae;Ichneumoninae;Platylabini;;Asthenolabus
Ichneumonidae;Ichneumoninae;Platylabini;;Cyclolabus
Ichneumonidae;Ichneumoninae;Platylabini;;Dentilabus
Ichneumonidae;Ichneumoninae;Platylabini;;Ectopius
Ichneumonidae;Ichneumoninae;Platylabini;;Ectopoides
Ichneumonidae;Ichneumoninae;Platylabini;;Hypomecus
Ichneumonidae;Ichneumoninae;Platylabini;;Linycus
Ichneumonidae;Ichneumoninae;Platylabini;;Notoplatylabus
Ichneumonidae;Ichneumoninae;Platylabini;;Platylabus
Ichneumonidae;Ichneumoninae;Platylabini;;Platymischos
Ichneumonidae;Ichneumoninae;Platylabini;;Poecilostictus
Ichneumonidae;Ichneumoninae;Platylabini;;Pristicerops
Ichneumonidae;Ichneumoninae;Platylabini;;Pristiceros
Ichneumonidae;Ichneumoninae;Platylabini;;Pyramidophorus
Ichneumonidae;Ichneumoninae;Zimmerini;;Cotiheresiarches
Ichneumonidae;Lycorininae;;;Lycorina
Ichneumonidae;Mesochorinae;;;Astiphromma
Ichneumonidae;Mesochorinae;;;Cidaphus
Ichneumonidae;Mesochorinae;;;Mesochorus
Ichneumonidae;Mesochorinae;;;Planochorus
Ichneumonidae;Metopiinae;;;Apolophus
Ichneumonidae;Metopiinae;;;Carria
Ichneumonidae;Metopiinae;;;Chorinaeus
Ichneumonidae;Metopiinae;;;Colpotrochia
Ichneumonidae;Metopiinae;;;Drepanoctonus
Ichneumonidae;Metopiinae;;;Exochus
Ichneumonidae;Metopiinae;;;Hypsicera
Ichneumonidae;Metopiinae;;;Lapton
Ichneumonidae;Metopiinae;;;Metopius
Ichneumonidae;Metopiinae;;;Periope
Ichneumonidae;Metopiinae;;;Spudaeus
Ichneumonidae;Metopiinae;;;Stethoncus
Ichneumonidae;Metopiinae;;;Synosis
Ichneumonidae;Metopiinae;;;Triclistus
Ichneumonidae;Metopiinae;;;Trieces
Ichneumonidae;Microleptinae;;;Microleptes
Ichneumonidae;Neorhacodinae;;;Eremura
Ichneumonidae;Neorhacodinae;;;Neorhacodes
Ichneumonidae;Ophioninae;;;Barytatocephalus
Ichneumonidae;Ophioninae;;;Enicospilus
Ichneumonidae;Ophioninae;;;Eremotylus
Ichneumonidae;Ophioninae;;;Hellwigiella
Ichneumonidae;Ophioninae;;;Ophion
Ichneumonidae;Ophioninae;;;Stauropoctonus
Ichneumonidae;Orthocentrinae;;;Aniseres
Ichneumonidae;Orthocentrinae;;;Aperileptus
Ichneumonidae;Orthocentrinae;;;Apoclima
Ichneumonidae;Orthocentrinae;;;Atabulus
Ichneumonidae;Orthocentrinae;;;Batakomacrus
Ichneumonidae;Orthocentrinae;;;Catastenus
Ichneumonidae;Orthocentrinae;;;Dialipsis
Ichneumonidae;Orthocentrinae;;;Entypoma
Ichneumonidae;Orthocentrinae;;;Eusterinx
Ichneumonidae;Orthocentrinae;;;Gnathochorisis
Ichneumonidae;Orthocentrinae;;;Helictes
Ichneumonidae;Orthocentrinae;;;Hemiphanes
Ichneumonidae;Orthocentrinae;;;Hyperacmus
Ichneumonidae;Orthocentrinae;;;Megastylus
Ichneumonidae;Orthocentrinae;;;Neurateles
Ichneumonidae;Orthocentrinae;;;Orthocentrus
Ichneumonidae;Orthocentrinae;;;Pantisarthrus
Ichneumonidae;Orthocentrinae;;;Picrostigeus
Ichneumonidae;Orthocentrinae;;;Plectiscidea
Ichneumonidae;Orthocentrinae;;;Plectiscus
Ichneumonidae;Orthocentrinae;;;Proclitus
Ichneumonidae;Orthocentrinae;;;Proeliator
Ichneumonidae;Orthocentrinae;;;Stenomacrus
Ichneumonidae;Orthocentrinae;;;Symplecis
Ichneumonidae;Orthopelmatinae;;;Orthopelma
Ichneumonidae;Oxytorinae;Lycorininae;;Oxytorus
Ichneumonidae;Oxytorinae;Lycorininae;;Rossemia
Ichneumonidae;Phrudinae;Lycorininae;;Astrenis
Ichneumonidae;Phrudinae;Lycorininae;;Earobia
Ichneumonidae;Phrudinae;Lycorininae;;Phrudus
Ichneumonidae;Phrudinae;Lycorininae;;Pygmaeolus
Ichneumonidae;Pimplinae;Delomeristini;;Atractogaster
Ichneumonidae;Pimplinae;Delomeristini;;Delomerista
Ichneumonidae;Pimplinae;Ephialtini;;Acropimpla
Ichneumonidae;Pimplinae;Ephialtini;;Afrephialtes
Ichneumonidae;Pimplinae;Ephialtini;;Alophosternum
Ichneumonidae;Pimplinae;Ephialtini;;Clistopyga
Ichneumonidae;Pimplinae;Ephialtini;;Dolichomitus
Ichneumonidae;Pimplinae;Ephialtini;;Endromopoda
Ichneumonidae;Pimplinae;Ephialtini;;Ephialtes
Ichneumonidae;Pimplinae;Ephialtini;;Exeristes
Ichneumonidae;Pimplinae;Ephialtini;;Fredegunda
Ichneumonidae;Pimplinae;Ephialtini;;Gregopimpla
Ichneumonidae;Pimplinae;Ephialtini;;Iseropus
Ichneumonidae;Pimplinae;Ephialtini;;Liotryphon
Ichneumonidae;Pimplinae;Ephialtini;;Paraperithous
Ichneumonidae;Pimplinae;Ephialtini;;Pseudopimpla
Ichneumonidae;Pimplinae;Ephialtini;;Scambus
Ichneumonidae;Pimplinae;Ephialtini;;Townesia
Ichneumonidae;Pimplinae;Ephialtini;;Tromatobia
Ichneumonidae;Pimplinae;Ephialtini;;Zaglyptus
Ichneumonidae;Pimplinae;Perithoini;;Perithous
Ichneumonidae;Pimplinae;Pimplini;;Apechthis
Ichneumonidae;Pimplinae;Pimplini;;Itoplectis
Ichneumonidae;Pimplinae;Pimplini;;Pimpla
Ichneumonidae;Pimplinae;Pimplini;;Strongylopsis
Ichneumonidae;Pimplinae;Pimplini;;Theronia
Ichneumonidae;Pimplinae;Pimplini;;Xanthopimpla
Ichneumonidae;Pimplinae;Polysphinctini;;Acrodactyla
Ichneumonidae;Pimplinae;Polysphinctini;;Dreisbachia
Ichneumonidae;Pimplinae;Polysphinctini;;Oxyrrhexis
Ichneumonidae;Pimplinae;Polysphinctini;;Piogaster
Ichneumonidae;Pimplinae;Polysphinctini;;Polysphincta
Ichneumonidae;Pimplinae;Polysphinctini;;Schizopyga
Ichneumonidae;Pimplinae;Polysphinctini;;Sinarachna
Ichneumonidae;Pimplinae;Polysphinctini;;Zabrachypus
Ichneumonidae;Pimplinae;Polysphinctini;;Zatypota
Ichneumonidae;Poemeniinae;Poemeniini;;Deuteroxorides
Ichneumonidae;Poemeniinae;Poemeniini;;Neoxorides
Ichneumonidae;Poemeniinae;Poemeniini;;Podoschistus
Ichneumonidae;Poemeniinae;Poemeniini;;Poemenia
Ichneumonidae;Poemeniinae;Pseudorhyssini;;Pseudorhyssa
Ichneumonidae;Rhyssinae;;;Megarhyssa
Ichneumonidae;Rhyssinae;;;Rhyssa
Ichneumonidae;Rhyssinae;;;Rhyssella
Ichneumonidae;Stilbopinae;;;Panteles
Ichneumonidae;Stilbopinae;;;Stilbops
Ichneumonidae;Tersilochinae;;;Allophroides
Ichneumonidae;Tersilochinae;;;Aneuclis
Ichneumonidae;Tersilochinae;;;Barycnemis
Ichneumonidae;Tersilochinae;;;Diaparsis
Ichneumonidae;Tersilochinae;;;Epistathmus
Ichneumonidae;Tersilochinae;;;Gelanes
Ichneumonidae;Tersilochinae;;;Heterocola
Ichneumonidae;Tersilochinae;;;Phradis
Ichneumonidae;Tersilochinae;;;Probles
Ichneumonidae;Tersilochinae;;;Sathropterus
Ichneumonidae;Tersilochinae;;;Spinolochus
Ichneumonidae;Tersilochinae;;;Tersilochus
Ichneumonidae;Tryphoninae;Eclytini;;Eclytus
Ichneumonidae;Tryphoninae;Exenterini;;Acrotomus
Ichneumonidae;Tryphoninae;Exenterini;;Cteniscus
Ichneumonidae;Tryphoninae;Exenterini;;Cycasis
Ichneumonidae;Tryphoninae;Exenterini;;Eridolius
Ichneumonidae;Tryphoninae;Exenterini;;Excavarus
Ichneumonidae;Tryphoninae;Exenterini;;Exenterus
Ichneumonidae;Tryphoninae;Exenterini;;Exyston
Ichneumonidae;Tryphoninae;Exenterini;;Kristotomus
Ichneumonidae;Tryphoninae;Exenterini;;Orthomiscus
Ichneumonidae;Tryphoninae;Exenterini;;Smicroplectrus
Ichneumonidae;Tryphoninae;Idiogrammatini;;Idiogramma
Ichneumonidae;Tryphoninae;Oedemopsini;;Cladeutes
Ichneumonidae;Tryphoninae;Oedemopsini;;Hercus
Ichneumonidae;Tryphoninae;Oedemopsini;;Neliopisthus
Ichneumonidae;Tryphoninae;Oedemopsini;;Oedemopsis
Ichneumonidae;Tryphoninae;Oedemopsini;;Thymaris
Ichneumonidae;Tryphoninae;Phytodietini;;Netelia
Ichneumonidae;Tryphoninae;Phytodietini;;Phytodietus
Ichneumonidae;Tryphoninae;Sphinctini;;Sphinctus
Ichneumonidae;Tryphoninae;Tryphonini;;Boethus
Ichneumonidae;Tryphoninae;Tryphonini;;Cosmoconus
Ichneumonidae;Tryphoninae;Tryphonini;;Ctenochira
Ichneumonidae;Tryphoninae;Tryphonini;;Dyspetes
Ichneumonidae;Tryphoninae;Tryphonini;;Erromenus
Ichneumonidae;Tryphoninae;Tryphonini;;Grypocentrus
Ichneumonidae;Tryphoninae;Tryphonini;;Monoblastus
Ichneumonidae;Tryphoninae;Tryphonini;;Neleges
Ichneumonidae;Tryphoninae;Tryphonini;;Otoblastus
Ichneumonidae;Tryphoninae;Tryphonini;;Parablastus
Ichneumonidae;Tryphoninae;Tryphonini;;Polyblastus
Ichneumonidae;Tryphoninae;Tryphonini;;Thibetoides
Ichneumonidae;Tryphoninae;Tryphonini;;Tryphon
Ichneumonidae;Xoridinae;;;Ischnoceros
Ichneumonidae;Xoridinae;;;Odontocolon
Ichneumonidae;Xoridinae;;;Xorides
Braconidae;Adeliinae;;;Adelius
Braconidae;Agathidinae;;;Myriola
Braconidae;Agathidinae;;;Agathis
Braconidae;Agathidinae;;;Bassus
Braconidae;Agathidinae;;;Cremnops
Braconidae;Agathidinae;;;Disophrys
Braconidae;Agathidinae;;;Earinus
Braconidae;Agathidinae;;;Rhamphagathis
Braconidae;Agathidinae;;;Troticus
Braconidae;Alysiinae;;;Agonia
Braconidae;Alysiinae;;;Alloea
Braconidae;Alysiinae;;;Alysia
Braconidae;Alysiinae;;;Amyras
Braconidae;Alysiinae;;;Angelovia
Braconidae;Alysiinae;;;Anisocyrta
Braconidae;Alysiinae;;;Aphaereta
Braconidae;Alysiinae;;;Aphanta
Braconidae;Alysiinae;;;Apronopa
Braconidae;Alysiinae;;;Aristelix
Braconidae;Alysiinae;;;Asobara
Braconidae;Alysiinae;;;Aspilota
Braconidae;Alysiinae;;;Asyntactus
Braconidae;Alysiinae;;;Bobekia
Braconidae;Alysiinae;;;Carinthilota
Braconidae;Alysiinae;;;Chaenusa
Braconidae;Alysiinae;;;Chasmodon
Braconidae;Alysiinae;;;Chorebus
Braconidae;Alysiinae;;;Coelinidea
Braconidae;Alysiinae;;;Coelinius
Braconidae;Alysiinae;;;Coloneura
Braconidae;Alysiinae;;;Coloneurella
Braconidae;Alysiinae;;;Cratospila
Braconidae;Alysiinae;;;Dacnusa
Braconidae;Alysiinae;;;Dapsilarthra
Braconidae;Alysiinae;;;Dinotrema
Braconidae;Alysiinae;;;Epimicta
Braconidae;Alysiinae;;;Eucoelinidea
Braconidae;Alysiinae;;;Eudinostigma
Braconidae;Alysiinae;;;Euphaenocarpa
Braconidae;Alysiinae;;;Exotela
Braconidae;Alysiinae;;;Grammospila
Braconidae;Alysiinae;;;Grandia
Braconidae;Alysiinae;;;Heterolexis
Braconidae;Alysiinae;;;Idiasta
Braconidae;Alysiinae;;;Idiolexis
Braconidae;Alysiinae;;;Laotris
Braconidae;Alysiinae;;;Leptotrema
Braconidae;Alysiinae;;;Lodbrokia
Braconidae;Alysiinae;;;Mesocrina
Braconidae;Alysiinae;;;Orthostigma
Braconidae;Alysiinae;;;Panerema
Braconidae;Alysiinae;;;Pentapleura
Braconidae;Alysiinae;;;Phaenocarpa
Braconidae;Alysiinae;;;Phasmalysia
Braconidae;Alysiinae;;;Polemochartus
Braconidae;Alysiinae;;;Protochorebus
Braconidae;Alysiinae;;;Protodacnusa
Braconidae;Alysiinae;;;Pseudopezomachus
Braconidae;Alysiinae;;;Pterusa
Braconidae;Alysiinae;;;Regetus
Braconidae;Alysiinae;;;Sarops
Braconidae;Alysiinae;;;Symphanes
Braconidae;Alysiinae;;;Syncrasis
Braconidae;Alysiinae;;;Synelix
Braconidae;Alysiinae;;;Tanycarpa
Braconidae;Alysiinae;;;Tates
Braconidae;Alysiinae;;;Terebrebus
Braconidae;Alysiinae;;;Trachionus
Braconidae;Alysiinae;;;Trachyusa
Braconidae;Aphidiinae;;;Aclitus
Braconidae;Aphidiinae;;;Adialytus
Braconidae;Aphidiinae;;;Aphidius
Braconidae;Aphidiinae;;;Areopraon
Braconidae;Aphidiinae;;;Binodoxys
Braconidae;Aphidiinae;;;Calaphidius
Braconidae;Aphidiinae;;;Diaeretellus
Braconidae;Aphidiinae;;;Diaeretiella
Braconidae;Aphidiinae;;;Diaeretus
Braconidae;Aphidiinae;;;Dyscritulus
Braconidae;Aphidiinae;;;Ephedrus
Braconidae;Aphidiinae;;;Falciconus
Braconidae;Aphidiinae;;;Harkeria
Braconidae;Aphidiinae;;;Lipolexis
Braconidae;Aphidiinae;;;Lysiphlebus
Braconidae;Aphidiinae;;;Metaphidius
Braconidae;Aphidiinae;;;Monoctonia
Braconidae;Aphidiinae;;;Monoctonus
Braconidae;Aphidiinae;;;Paralipsis
Braconidae;Aphidiinae;;;Pauesia
Braconidae;Aphidiinae;;;Praon
Braconidae;Aphidiinae;;;Protaphidius
Braconidae;Aphidiinae;;;Pseudopraon
Braconidae;Aphidiinae;;;Toxares
Braconidae;Aphidiinae;;;Trioxys
Braconidae;Blacinae;;;Blacometeorus
Braconidae;Blacinae;;;Blacus
Braconidae;Blacinae;;;Dyscoletes
Braconidae;Blacinae;;;Hellenius
Braconidae;Blacinae;;;Taphaeus
Braconidae;Blacinae;;;Xyeloblacus
Braconidae;Brachistinae;;;Cuniculobracon
Braconidae;Brachistinae;;;Dicyrtaspis
Braconidae;Brachistinae;;;Eubazus
Braconidae;Brachistinae;;;Foersteria
Braconidae;Brachistinae;;;Polydegmon
Braconidae;Brachistinae;;;Schizoprymnus
Braconidae;Brachistinae;;;Triaspis
Braconidae;Braconinae;;;Atanycolus
Braconidae;Braconinae;;;Baryproctus
Braconidae;Braconinae;;;Bracomorpha
Braconidae;Braconinae;;;Bracon
Braconidae;Braconinae;;;Ceratobracon
Braconidae;Braconinae;;;Chartobracon
Braconidae;Braconinae;;;Coeloides
Braconidae;Braconinae;;;Cyanopterus
Braconidae;Braconinae;;;Foveobracon
Braconidae;Braconinae;;;Fuscala
Braconidae;Braconinae;;;Glyptomorpha
Braconidae;Braconinae;;;Iphiaulax
Braconidae;Braconinae;;;Megalommum
Braconidae;Braconinae;;;Pigeria
Braconidae;Braconinae;;;Pseudovipio
Braconidae;Braconinae;;;Stenobracon
Braconidae;Braconinae;;;Victorovita
Braconidae;Braconinae;;;Vipio
Braconidae;Cardiochilinae;;;Cardiochiles
Braconidae;Cenocoeliinae;;;Cenocoelius
Braconidae;Cenocoeliinae;;;Lestricus
Braconidae;Cenocoeliinae;;;Schoenlandella
Braconidae;Charmontinae;;;Charmon
Braconidae;Cheloninae;;;Ascogaster
Braconidae;Cheloninae;;;Chelonus
Braconidae;Cheloninae;;;Phanerotoma
Braconidae;Cheloninae;;;Phanerotomella
Braconidae;Dirrhopinae;;;Dirrhope
Braconidae;Doryctinae;;;Achaiabracon
Braconidae;Doryctinae;;;Caenopachys
Braconidae;Doryctinae;;;Caenophanes
Braconidae;Doryctinae;;;Dendrosoter
Braconidae;Doryctinae;;;Dendrosotinus
Braconidae;Doryctinae;;;Doryctes
Braconidae;Doryctinae;;;Ecphylus
Braconidae;Doryctinae;;;Euhecabolodes
Braconidae;Doryctinae;;;Gildoria
Braconidae;Doryctinae;;;Hecabolodes
Braconidae;Doryctinae;;;Hecabolus
Braconidae;Doryctinae;;;Heterospilus
Braconidae;Doryctinae;;;Hypodoryctes
Braconidae;Doryctinae;;;Leluthia
Braconidae;Doryctinae;;;Monolexis
Braconidae;Doryctinae;;;Neurocrassus
Braconidae;Doryctinae;;;Ontsira
Braconidae;Doryctinae;;;Pareucorystes
Braconidae;Doryctinae;;;Platyspathius
Braconidae;Doryctinae;;;Polystenus
Braconidae;Doryctinae;;;Rhaconotus
Braconidae;Doryctinae;;;Rhoptrocentrus
Braconidae;Doryctinae;;;Spathiomorpha
Braconidae;Doryctinae;;;Spathius
Braconidae;Doryctinae;;;Wachsmannia
Braconidae;Euphorinae;;;Allurus
Braconidae;Euphorinae;;;Aridelus
Braconidae;Euphorinae;;;Centistes
Braconidae;Euphorinae;;;Chrysopophthorus
Braconidae;Euphorinae;;;Cosmophorus
Braconidae;Euphorinae;;;Cryptoxilos
Braconidae;Euphorinae;;;Dinocampus
Braconidae;Euphorinae;;;Ecclitura
Braconidae;Euphorinae;;;Elasmosoma
Braconidae;Euphorinae;;;Euphorus
Braconidae;Euphorinae;;;Kollasmosoma
Braconidae;Euphorinae;;;Leiophron
Braconidae;Euphorinae;;;Marshiella
Braconidae;Euphorinae;;;Meteorus
Braconidae;Euphorinae;;;Myiocephalus
Braconidae;Euphorinae;;;Neoneurus
Braconidae;Euphorinae;;;Perilitus
Braconidae;Euphorinae;;;Peristenus
Braconidae;Euphorinae;;;Proclithrophorus
Braconidae;Euphorinae;;;Pygostolus
Braconidae;Euphorinae;;;Rilipertus
Braconidae;Euphorinae;;;Ropalophorus
Braconidae;Euphorinae;;;Spathicopis
Braconidae;Euphorinae;;;Syntretus
Braconidae;Euphorinae;;;Townesilitus
Braconidae;Euphorinae;;;Wesmaelia
Braconidae;Euphorinae;;;Zele
Braconidae;Exothecinae;;;Colastes
Braconidae;Exothecinae;;;Pseudophanomeris
Braconidae;Exothecinae;;;Shawiana
Braconidae;Exothecinae;;;Xenarcha
Braconidae;Gnamptodontinae;;;Gnamptodon
Braconidae;Gnamptodontinae;;;Gnaptogaster
Braconidae;Alysiinae;;;Gnathopleura
Braconidae;Helconinae;;;Aspicolpus
Braconidae;Helconinae;;;Aspigonus
Braconidae;Helconinae;;;Diospilus
Braconidae;Helconinae;;;Helcon
Braconidae;Helconinae;;;Helconidea
Braconidae;Helconinae;;;Wroughtonia
Braconidae;Histeromerinae;;;Histeromerus
Braconidae;Homolobinae;;;Homolobus
Braconidae;Hormiinae;;;Avga
Braconidae;Hormiinae;;;Hormisca
Braconidae;Hormiinae;;;Hormius
Braconidae;Hormiinae;;;Parahormius
Braconidae;Hormiinae;;;Pseudohormius
Braconidae;Ichneutinae;;;Ichneutes
Braconidae;Ichneutinae;;;Paroligoneurus
Braconidae;Ichneutinae;;;Proterops
Braconidae;Ichneutinae;;;Pseudichneutes
Braconidae;Lysiterminae;;;Lysitermus
Braconidae;Macrocentrinae;;;Austrozele
Braconidae;Macrocentrinae;;;Hymenochaonia
Braconidae;Macrocentrinae;;;Macrocentrus
Braconidae;Microgastrinae;;;Apanteles
Braconidae;Microgastrinae;;;Cotesia
Braconidae;Microgastrinae;;;Deuterixys
Braconidae;Microgastrinae;;;Diolcogaster
Braconidae;Microgastrinae;;;Hygroplitis
Braconidae;Microgastrinae;;;Microgaster
Braconidae;Microgastrinae;;;Microplitis
Braconidae;Microgastrinae;;;Paroplitis
Braconidae;Microgastrinae;;;Protapanteles
Braconidae;Microtypinae;;;Microtypus
Braconidae;Miracinae;;;Mirax
Braconidae;Opiinae;;;Ademon
Braconidae;Opiinae;;;Apodesmia
Braconidae;Opiinae;;;Atoreuteus
Braconidae;Opiinae;;;Atormus
Braconidae;Opiinae;;;Bathystomus
Braconidae;Opiinae;;;Biophthora
Braconidae;Opiinae;;;Biosteres
Braconidae;Opiinae;;;Bitomoides
Braconidae;Opiinae;;;Cephaloplites
Braconidae;Opiinae;;;Chilotrichia
Braconidae;Opiinae;;;Coleopius
Braconidae;Opiinae;;;Desmiostoma
Braconidae;Opiinae;;;Diachasma
Braconidae;Opiinae;;;Diachasmimorpha
Braconidae;Opiinae;;;Eurytenes
Braconidae;Opiinae;;;Hoplocrotaphus
Braconidae;Opiinae;;;Indiopius
Braconidae;Opiinae;;;Opiostomus
Braconidae;Opiinae;;;Opius
Braconidae;Opiinae;;;Phaedrotoma
Braconidae;Opiinae;;;Pokomandya
Braconidae;Opiinae;;;Psyttalia
Braconidae;Opiinae;;;Utetes
Braconidae;Opiinae;;;Xynobius
Braconidae;Orgilinae;;;Kerorgilus
Braconidae;Orgilinae;;;Orgilus
Braconidae;Pambolinae;;;Chremylus
Braconidae;Pambolinae;;;Dimeris
Braconidae;Pambolinae;;;Pambolus
Braconidae;Rhysipolinae;;;Rhysipolis
Braconidae;Rhyssalinae;;;Acrisis
Braconidae;Rhyssalinae;;;Cerophanes
Braconidae;Rhyssalinae;;;Dolopsidea
Braconidae;Rhyssalinae;;;Lysitermoides
Braconidae;Rhyssalinae;;;Oncophanes
Braconidae;Rhyssalinae;;;Pachystigmus
Braconidae;Rhyssalinae;;;Pseudobathystomus
Braconidae;Rhyssalinae;;;Rhyssalus
Braconidae;Rogadinae;;;Aleiodes
Braconidae;Rogadinae;;;Chelonorhogas
Braconidae;Rogadinae;;;Clinocentrus
Braconidae;Rogadinae;;;Heterogamus
Braconidae;Rogadinae;;;Rogas
Braconidae;Rogadinae;;;Triraphis
Braconidae;Sigalphinae;;;Acampsis
Braconidae;Sigalphinae;;;Sigalphus
Braconidae;Euphorinae;;;Streblocera
Staphylinidae;Aleocharinae;;;Actocharis
Staphylinidae;Aleocharinae;;;Amarochara
Staphylinidae;Aleocharinae;;;Autalia
Staphylinidae;Aleocharinae;;;Borboropora
Staphylinidae;Aleocharinae;;;Callicerus
Staphylinidae;Aleocharinae;;;Calodera
Staphylinidae;Aleocharinae;;;Cantaberella
Staphylinidae;Aleocharinae;;;Cordalia
Staphylinidae;Aleocharinae;;;Dinusa
Staphylinidae;Aleocharinae;;;Euphorbagria
Staphylinidae;Aleocharinae;;;Euryalea
Staphylinidae;Aleocharinae;;;Geostiba
Staphylinidae;Aleocharinae;;;Holobus
Staphylinidae;Aleocharinae;;;Hygropetrophila
Staphylinidae;Aleocharinae;;;Ilyobates
Staphylinidae;Aleocharinae;;;Leptusa
Staphylinidae;Aleocharinae;;;Madeirostiba
Staphylinidae;Aleocharinae;;;Myrmecopora
Staphylinidae;Aleocharinae;;;Oligota
Staphylinidae;Aleocharinae;;;Ousipalia
Staphylinidae;Aleocharinae;;;Paraleptusa
Staphylinidae;Aleocharinae;;;Piochardia
Staphylinidae;Aleocharinae;;;Poromniusa
Staphylinidae;Aleocharinae;;;Pseudocalea
Staphylinidae;Aleocharinae;;;Pseudosemiris
Staphylinidae;Aleocharinae;;;Pyroglossa
Staphylinidae;Aleocharinae;;;Tropimenelytron
Staphylinidae;Aleocharinae;;;Xenomma
Staphylinidae;Aleocharinae;;;Zoosetha
Staphylinidae;Dasycerinae;;;Dasycerus
Staphylinidae;Euaesthetinae;;;Ctenomastax
Staphylinidae;Euaesthetinae;;;Edaphus
Staphylinidae;Euaesthetinae;;;Euaesthetotyphlus
Staphylinidae;Euaesthetinae;;;Euaesthetus
Staphylinidae;Euaesthetinae;;;Octavius
Staphylinidae;Habrocerinae;;;Habrocerus
Staphylinidae;Leptotyphlinae;Cephalotyphlini;;Cephalotyphlus
Staphylinidae;Leptotyphlinae;Entomoculiini;;Allotyphlus
Staphylinidae;Leptotyphlinae;Entomoculiini;;Cyrtotyphlus
Staphylinidae;Leptotyphlinae;Entomoculiini;;Entomoculia
Staphylinidae;Leptotyphlinae;Entomoculiini;;Mesotyphlus
Staphylinidae;Leptotyphlinae;Entomoculiini;;Neocyrtotyphlus
Staphylinidae;Leptotyphlinae;Entomoculiini;;Paratyphlus
Staphylinidae;Leptotyphlinae;Leptotyphlini;;Epalxotyphlus
Staphylinidae;Leptotyphlinae;Leptotyphlini;;Hesperotyphlus
Staphylinidae;Leptotyphlinae;Leptotyphlini;;Kenotyphlus
Staphylinidae;Leptotyphlinae;Leptotyphlini;;Leptotyphlus
Staphylinidae;Leptotyphlinae;Leptotyphlini;;Portotyphlus
Staphylinidae;Leptotyphlinae;Metrotyphlini;;Banatotyphlus
Staphylinidae;Leptotyphlinae;Metrotyphlini;;Egeotyphlus
Staphylinidae;Leptotyphlinae;Metrotyphlini;;Gynotyphlus
Staphylinidae;Leptotyphlinae;Metrotyphlini;;Metrotyphlus
Staphylinidae;Leptotyphlinae;Metrotyphlini;;Rhopalotyphlus
Staphylinidae;Leptotyphlinae;Neotyphlini;;Apheliotyphlus
Staphylinidae;Leptotyphlinae;Neotyphlini;;Kladotyphlus
Staphylinidae;Leptotyphlinae;Neotyphlini;;Megatyphlus
Staphylinidae;Micropeplinae;;;Arrhenopeplus
Staphylinidae;Micropeplinae;;;Micropeplus
Staphylinidae;Olisthaerinae;;;Olisthaerus
Staphylinidae;Omaliinae;Anthophagini;;Acidota
Staphylinidae;Omaliinae;Anthophagini;;Amphichroum
Staphylinidae;Omaliinae;Anthophagini;;Anthobium
Staphylinidae;Omaliinae;Anthophagini;;Anthophagus
Staphylinidae;Omaliinae;Anthophagini;;Arpedium
Staphylinidae;Omaliinae;Anthophagini;;Cylletron
Staphylinidae;Omaliinae;Anthophagini;;Deliphrosoma
Staphylinidae;Omaliinae;Anthophagini;;Deliphrum
Staphylinidae;Omaliinae;Anthophagini;;Eucnecosum
Staphylinidae;Omaliinae;Anthophagini;;Geodromicus
Staphylinidae;Omaliinae;Anthophagini;;Hygrogeus
Staphylinidae;Omaliinae;Anthophagini;;Lesteva
Staphylinidae;Omaliinae;Anthophagini;;Mannerheimia
Staphylinidae;Omaliinae;Anthophagini;;Olophrum
Staphylinidae;Omaliinae;Anthophagini;;Orochares
Staphylinidae;Omaliinae;Anthophagini;;Philorinum
Staphylinidae;Omaliinae;Anthophagini;;Phyllodrepoidea
Staphylinidae;Omaliinae;Anthophagini;;Porrhodites
Staphylinidae;Omaliinae;Coryphiini;Boreaphilina;Boreaphilus
Staphylinidae;Omaliinae;Coryphiini;Boreaphilina;Hypsonothrus
Staphylinidae;Omaliinae;Coryphiini;Boreaphilina;Niphetodops
Staphylinidae;Omaliinae;Coryphiini;Coryphiina;Coryphiodes
Staphylinidae;Omaliinae;Coryphiini;Coryphiina;Coryphiomorphus
Staphylinidae;Omaliinae;Coryphiini;Coryphiina;Coryphium
Staphylinidae;Omaliinae;Coryphiini;Coryphiina;Eudectus
Staphylinidae;Omaliinae;Coryphiini;Coryphiina;Holoboreaphilus
Staphylinidae;Omaliinae;Coryphiini;Coryphiina;Niphetodes
Staphylinidae;Omaliinae;Coryphiini;Coryphiina;Ophthalmoniphetodes
Staphylinidae;Omaliinae;Coryphiini;Coryphiina;Pareudectus
Staphylinidae;Omaliinae;Eusphalerini;;Eusphalerum
Staphylinidae;Omaliinae;Hadrognathini;;Hadrognathus
Staphylinidae;Omaliinae;Omaliini;;Acrolocha
Staphylinidae;Omaliinae;Omaliini;;Acrulia
Staphylinidae;Omaliinae;Omaliini;;Carcinocephalus
Staphylinidae;Omaliinae;Omaliini;;Dialycera
Staphylinidae;Omaliinae;Omaliini;;Hapalaraea
Staphylinidae;Omaliinae;Omaliini;;Hypopycna
Staphylinidae;Omaliinae;Omaliini;;Micralymma
Staphylinidae;Omaliinae;Omaliini;;Omalium
Staphylinidae;Omaliinae;Omaliini;;Paraphloeostiba
Staphylinidae;Omaliinae;Omaliini;;Phloeonomus
Staphylinidae;Omaliinae;Omaliini;;Phloeostiba
Staphylinidae;Omaliinae;Omaliini;;Phyllodrepa
Staphylinidae;Omaliinae;Omaliini;;Pycnoglypta
Staphylinidae;Omaliinae;Omaliini;;Xylodromus
Staphylinidae;Omaliinae;Omaliini;;Xylostiba
Staphylinidae;Osoriinae;Osoriini;;Bacillopsis
Staphylinidae;Osoriinae;Osoriini;;Cylindropsis
Staphylinidae;Osoriinae;Osoriini;;Leptotyphlopsis
Staphylinidae;Osoriinae;Osoriini;;Lusitanopsis
Staphylinidae;Osoriinae;Osoriini;;Oligotyphlopsis
Staphylinidae;Osoriinae;Osoriini;;Typhloiulopsis
Staphylinidae;Osoriinae;Osoriini;;Typhlosorius
Staphylinidae;Osoriinae;Thoracophorini;Glyptomina;Geomitopsis
Staphylinidae;Osoriinae;Thoracophorini;Lispinina;Nacaeus
Staphylinidae;Osoriinae;Thoracophorini;Thoracophorina;Thoracophorus
Staphylinidae;Oxyporinae;;;Oxyporus
Staphylinidae;Oxytelinae;Coprophilini;;Coprophilus
Staphylinidae;Oxytelinae;Deleasterini;;Deleaster
Staphylinidae;Oxytelinae;Deleasterini;;Euphanias
Staphylinidae;Oxytelinae;Deleasterini;;Syntomium
Staphylinidae;Oxytelinae;Oxytelini;;Anotylus
Staphylinidae;Oxytelinae;Oxytelini;;Oxytelus
Staphylinidae;Oxytelinae;Oxytelini;;Platystethus
Staphylinidae;Oxytelinae;Oxytelini;;Thinobiini
Staphylinidae;Oxytelinae;Oxytelini;;Aploderus
Staphylinidae;Oxytelinae;Oxytelini;;Bledius
Staphylinidae;Oxytelinae;Oxytelini;;Carpelimus
Staphylinidae;Oxytelinae;Oxytelini;;Manda
Staphylinidae;Oxytelinae;Oxytelini;;Ochthephilus
Staphylinidae;Oxytelinae;Oxytelini;;Planeustomus
Staphylinidae;Oxytelinae;Oxytelini;;Teropalpus
Staphylinidae;Oxytelinae;Oxytelini;;Thinobius
Staphylinidae;Oxytelinae;Oxytelini;;Thinodromus
Staphylinidae;Paederinae;Paederini;Astenina;Astenus
Staphylinidae;Paederinae;Paederini;Astenina;Nazeris
Staphylinidae;Paederinae;Paederini;Astenina;Tetracanthognathus
Staphylinidae;Paederinae;Paederini;Cryptobiina;Homaeotarsus
Staphylinidae;Paederinae;Paederini;Cryptobiina;Ochthephilum
Staphylinidae;Paederinae;Paederini;Dolicaonina;Leptobium
Staphylinidae;Paederinae;Paederini;Dolicaonina;Scotonomus
Staphylinidae;Paederinae;Paederini;Lathrobiina;Achenium
Staphylinidae;Paederinae;Paederini;Lathrobiina;Domene
Staphylinidae;Paederinae;Paederini;Lathrobiina;Lathrobium
Staphylinidae;Paederinae;Paederini;Lathrobiina;Lobrathium
Staphylinidae;Paederinae;Paederini;Lathrobiina;Micrillus
Staphylinidae;Paederinae;Paederini;Lathrobiina;Platydomene
Staphylinidae;Paederinae;Paederini;Lathrobiina;Pseudobium
Staphylinidae;Paederinae;Paederini;Lathrobiina;Pseudolathra
Staphylinidae;Paederinae;Paederini;Lathrobiina;Scymbalium
Staphylinidae;Paederinae;Paederini;Lathrobiina;Tetartopeus
Staphylinidae;Paederinae;Paederini;Lathrobiina;Throbalium
Staphylinidae;Paederinae;Paederini;Medonina;Hypomedon
Staphylinidae;Paederinae;Paederini;Medonina;Lithocharis
Staphylinidae;Paederinae;Paederini;Medonina;Luzea
Staphylinidae;Paederinae;Paederini;Medonina;Medon
Staphylinidae;Paederinae;Paederini;Medonina;Pseudomedon
Staphylinidae;Paederinae;Paederini;Medonina;Sunius
Staphylinidae;Paederinae;Paederini;Paederina;Lobopaederus
Staphylinidae;Paederinae;Paederini;Paederina;Paederidus
Staphylinidae;Paederinae;Paederini;Paederina;Paederus
Staphylinidae;Paederinae;Paederini;Paederina;Parameropaederus
Staphylinidae;Paederinae;Paederini;Scopaeina;Micranops
Staphylinidae;Paederinae;Paederini;Scopaeina;Scopaeus
Staphylinidae;Paederinae;Paederini;Stilicina;Rugilus
Staphylinidae;Paederinae;Pinophilini;Pinophilina;Mimopinophilus
Staphylinidae;Paederinae;Pinophilini;Procirrina;Oedichirus
Staphylinidae;Paederinae;Pinophilini;Procirrina;Procirrus
Staphylinidae;Phloeocharinae;;;Phloeocharis
Staphylinidae;Piestinae;;;Siagonium
Staphylinidae;Proteininae;Proteinini;;Megarthrus
Staphylinidae;Proteininae;Proteinini;;Metopsia
Staphylinidae;Proteininae;Proteinini;;Proteinus
Staphylinidae;Pselaphinae;Amauropini;;Amaurops
Staphylinidae;Pselaphinae;Amauropini;;Amauropus
Staphylinidae;Pselaphinae;Amauropini;;Paramaurops
Staphylinidae;Pselaphinae;Amauropini;;Protamaurops
Staphylinidae;Pselaphinae;Amauropini;;Pseudamaurops
Staphylinidae;Pselaphinae;Amauropini;;Seracamaurops
Staphylinidae;Pselaphinae;Amauropini;;Troglamaurops
Staphylinidae;Pselaphinae;Amauropini;;Tropidamaurops
Staphylinidae;Pselaphinae;Amauropini;;Zoufalia
Staphylinidae;Pselaphinae;Batrisini;;Batrisodes
Staphylinidae;Pselaphinae;Batrisini;;Batrisus
Staphylinidae;Pselaphinae;Brachyglutini;;Achilia
Staphylinidae;Pselaphinae;Brachyglutini;;Batraxis
Staphylinidae;Pselaphinae;Brachyglutini;;Brachygluta
Staphylinidae;Pselaphinae;Brachyglutini;;Fagniezia
Staphylinidae;Pselaphinae;Brachyglutini;;Reichenbachia
Staphylinidae;Pselaphinae;Brachyglutini;;Rybaxis
Staphylinidae;Pselaphinae;Brachyglutini;;Tribatus
Staphylinidae;Pselaphinae;Brachyglutini;;Trissemus
Staphylinidae;Pselaphinae;Bythinini;;Antrobythus
Staphylinidae;Pselaphinae;Bythinini;;Bathybythus
Staphylinidae;Pselaphinae;Bythinini;;Bryaxis
Staphylinidae;Pselaphinae;Bythinini;;Bythinus
Staphylinidae;Pselaphinae;Bythinini;;Bythoxenus
Staphylinidae;Pselaphinae;Bythinini;;Decatocerus
Staphylinidae;Pselaphinae;Bythinini;;Gasparobythus
Staphylinidae;Pselaphinae;Bythinini;;Glyphobythus
Staphylinidae;Pselaphinae;Bythinini;;Leptobythus
Staphylinidae;Pselaphinae;Bythinini;;Linderia
Staphylinidae;Pselaphinae;Bythinini;;Machaerites
Staphylinidae;Pselaphinae;Bythinini;;Prionobythus
Staphylinidae;Pselaphinae;Bythinini;;Spelaeobythus
Staphylinidae;Pselaphinae;Bythinini;;Tychobythinus
Staphylinidae;Pselaphinae;Bythinini;;Typhlobythus
Staphylinidae;Pselaphinae;Bythinini;;Xenobythus
Staphylinidae;Pselaphinae;Clavigerini;;Claviger
Staphylinidae;Pselaphinae;Ctenistini;;Centrotoma
Staphylinidae;Pselaphinae;Ctenistini;;Chennium
Staphylinidae;Pselaphinae;Ctenistini;;Ctenistes
Staphylinidae;Pselaphinae;Ctenistini;;Desimia
Staphylinidae;Pselaphinae;Ctenistini;;Enoptostomus
Staphylinidae;Pselaphinae;Ctenistini;;Sognorus
Staphylinidae;Pselaphinae;Dimerini;;Octomicrus
Staphylinidae;Pselaphinae;Euplectini;;Amauronyx
Staphylinidae;Pselaphinae;Euplectini;;Aphilia
Staphylinidae;Pselaphinae;Euplectini;;Aphiliops
Staphylinidae;Pselaphinae;Euplectini;;Bibloplectus
Staphylinidae;Pselaphinae;Euplectini;;Bibloporus
Staphylinidae;Pselaphinae;Euplectini;;Euplectus
Staphylinidae;Pselaphinae;Euplectini;;Leptoplectus
Staphylinidae;Pselaphinae;Euplectini;;Meliceria
Staphylinidae;Pselaphinae;Euplectini;;Namunia
Staphylinidae;Pselaphinae;Euplectini;;Panaphantus
Staphylinidae;Pselaphinae;Euplectini;;Plectophloeus
Staphylinidae;Pselaphinae;Euplectini;;Pseudoplectus
Staphylinidae;Pselaphinae;Euplectini;;Saulcyella
Staphylinidae;Pselaphinae;Euplectini;;Scotoplectus
Staphylinidae;Pselaphinae;Euplectini;;Thelotia
Staphylinidae;Pselaphinae;Euplectini;;Trichonyx
Staphylinidae;Pselaphinae;Euplectini;;Trimium
Staphylinidae;Pselaphinae;Euplectini;;Zibus
Staphylinidae;Pselaphinae;Faronini;;Delenda
Staphylinidae;Pselaphinae;Faronini;;Faronus
Staphylinidae;Pselaphinae;Imirini;;Imirus
Staphylinidae;Pselaphinae;Mayetiini;;Mayetia
Staphylinidae;Pselaphinae;Pselaphini;;Afropselaphus
Staphylinidae;Pselaphinae;Pselaphini;;Dicentrius
Staphylinidae;Pselaphinae;Pselaphini;;Geopselaphus
Staphylinidae;Pselaphinae;Pselaphini;;Pselaphaulax
Staphylinidae;Pselaphinae;Pselaphini;;Pselaphogenius
Staphylinidae;Pselaphinae;Pselaphini;;Pselaphostomus
Staphylinidae;Pselaphinae;Pselaphini;;Pselaphus
Staphylinidae;Pselaphinae;Pygoxyini;;Pygoxyon
Staphylinidae;Pselaphinae;Trogastrini;;Trogaster
Staphylinidae;Pselaphinae;Trogastrini;;Trogasteropsis
Staphylinidae;Pselaphinae;Tychini;;Paratychus
Staphylinidae;Pselaphinae;Tychini;;Tychomorphus
Staphylinidae;Pselaphinae;Tychini;;Tychus
Staphylinidae;Pselaphinae;Tyrini;;Centrophthalmus
Staphylinidae;Pselaphinae;Tyrini;;Decumarellus
Staphylinidae;Pselaphinae;Tyrini;;Tyrus
Staphylinidae;Pseudopsinae;;;Pseudopsis
Staphylinidae;Scaphidiinae;Scaphidiini;;Scaphidium
Staphylinidae;Scaphidiinae;Scaphiini;;Scaphium
Staphylinidae;Scaphidiinae;Scaphisomatini;;Baeocera
Staphylinidae;Scaphidiinae;Scaphisomatini;;Caryoscapha
Staphylinidae;Scaphidiinae;Scaphisomatini;;Scaphischema
Staphylinidae;Scaphidiinae;Scaphisomatini;;Scaphisoma
Staphylinidae;Staphylininae;Diochini;;Diochus
Staphylinidae;Staphylininae;Othiini;;Atrecus
Staphylinidae;Staphylininae;Othiini;;Othius
Staphylinidae;Staphylininae;Platyprosopini;;Platyprosopus
Staphylinidae;Staphylininae;Staphylinini;Philonthina;Bisnius
Staphylinidae;Staphylininae;Staphylinini;Philonthina;Cafius
Staphylinidae;Staphylininae;Staphylinini;Philonthina;Erichsonius
Staphylinidae;Staphylininae;Staphylinini;Philonthina;Gabrius
Staphylinidae;Staphylininae;Staphylinini;Philonthina;Gabronthus
Staphylinidae;Staphylininae;Staphylinini;Philonthina;Hesperus
Staphylinidae;Staphylininae;Staphylinini;Philonthina;Jurecekia
Staphylinidae;Staphylininae;Staphylinini;Philonthina;Neobisnius
Staphylinidae;Staphylininae;Staphylinini;Philonthina;Orthidus
Staphylinidae;Staphylininae;Staphylinini;Philonthina;Philonthus
Staphylinidae;Staphylininae;Staphylinini;Philonthina;Rabigus
Staphylinidae;Staphylininae;Staphylinini;Philonthina;Remus
Staphylinidae;Staphylininae;Staphylinini;Quediina;Acylophorus
Staphylinidae;Staphylininae;Staphylinini;Quediina;Astrapaeus
Staphylinidae;Staphylininae;Staphylinini;Quediina;Euryporus
Staphylinidae;Staphylininae;Staphylinini;Quediina;Heterothops
Staphylinidae;Staphylininae;Staphylinini;Quediina;Quedius
Staphylinidae;Staphylininae;Staphylinini;Quediina;Velleiopsis
Staphylinidae;Staphylininae;Staphylinini;Quediina;Velleius
Staphylinidae;Staphylininae;Staphylinini;Staphylinina;Abemus
Staphylinidae;Staphylininae;Staphylinini;Staphylinina;Creophilus
Staphylinidae;Staphylininae;Staphylinini;Staphylinina;Dinothenarus
Staphylinidae;Staphylininae;Staphylinini;Staphylinina;Emus
Staphylinidae;Staphylininae;Staphylinini;Staphylinina;Ocypus
Staphylinidae;Staphylininae;Staphylinini;Staphylinina;Ontholestes
Staphylinidae;Staphylininae;Staphylinini;Staphylinina;Platydracus
Staphylinidae;Staphylininae;Staphylinini;Staphylinina;Protogoerius
Staphylinidae;Staphylininae;Staphylinini;Staphylinina;Staphylinus
Staphylinidae;Staphylininae;Staphylinini;Staphylinina;Tasgius
Staphylinidae;Staphylininae;Staphylinini;Tanygnathina;Atanygnathus
Staphylinidae;Staphylininae;Xantholinini;;Allolinus
Staphylinidae;Staphylininae;Xantholinini;;Caecolinus
Staphylinidae;Staphylininae;Xantholinini;;Eulissus
Staphylinidae;Staphylininae;Xantholinini;;Gauropterus
Staphylinidae;Staphylininae;Xantholinini;;Gyrohypnus
Staphylinidae;Staphylininae;Xantholinini;;Hypnogyra
Staphylinidae;Staphylininae;Xantholinini;;Lemiganus
Staphylinidae;Staphylininae;Xantholinini;;Lepidophallus
Staphylinidae;Staphylininae;Xantholinini;;Leptacinus
Staphylinidae;Staphylininae;Xantholinini;;Leptophius
Staphylinidae;Staphylininae;Xantholinini;;Megalinus
Staphylinidae;Staphylininae;Xantholinini;;Nudobius
Staphylinidae;Staphylininae;Xantholinini;;Phacophallus
Staphylinidae;Staphylininae;Xantholinini;;Stenistoderus
Staphylinidae;Staphylininae;Xantholinini;;Vulda
Staphylinidae;Staphylininae;Xantholinini;;Xantholinus
Staphylinidae;Staphylininae;Xantholinini;;Zeteotomus
Staphylinidae;Steninae;;;Dianous
Staphylinidae;Steninae;;;Stenus
Staphylinidae;Tachyporinae;;;Bolitobius
Staphylinidae;Tachyporinae;;;Bryophacis
Staphylinidae;Tachyporinae;;;Bryoporus
Staphylinidae;Tachyporinae;;;Carphacis
Staphylinidae;Tachyporinae;;;Cilea
Staphylinidae;Tachyporinae;;;Coproporus
Staphylinidae;Tachyporinae;;;Ischnosoma
Staphylinidae;Tachyporinae;;;Lamprinodes
Staphylinidae;Tachyporinae;;;Lamprinus
Staphylinidae;Tachyporinae;;;Lordithon
Staphylinidae;Tachyporinae;;;Mycetoporus
Staphylinidae;Tachyporinae;;;Parabolitobius
Staphylinidae;Tachyporinae;;;Sepedophilus
Staphylinidae;Tachyporinae;;;Tachinus
Staphylinidae;Tachyporinae;;;Tachyporus
Staphylinidae;Trichophyinae;;;Trichophya
Staphylinidae;Trigonurinae;;;Trigonurus